Old URL,New URL
https://wavecomp.ai/,
https://wavecomp.ai/early-access,
https://wavecomp.ai/contact,
https://wavecomp.ai/company,
https://wavecomp.ai/solutions/departmental,
https://wavecomp.ai/locations,
https://wavecomp.ai/technology,
https://wavecomp.ai/frostandsullivan2018,
https://wavecomp.ai/trademarks,
https://wavecomp.ai/iccad17-wp,
https://wavecomp.ai/home,
https://wavecomp.ai/#header,
https://wavecomp.ai/newsroom,
https://wavecomp.ai/mipsopen,
https://wavecomp.ai/careers,
https://wavecomp.ai/research-paper-designed-to-scale,
https://wavecomp.ai/privacy-policy,
https://wavecomp.ai/#,
https://wavecomp.ai/events,
https://wavecomp.ai/terms-of-use,
https://wavecomp.ai/mips,
https://wavecomp.ai/solutions/datacenter,
https://wavecomp.ai/dataflow-whitepaper,
https://wavecomp.ai/terms-of-use#header,
https://wavecomp.ai/wave-computing-raises-86m-in-oversubscribed-series-e-round,
https://wavecomp.ai/wave-computing-begins-on-premise-system-testing-phase-with-early-access-customers,
https://wavecomp.ai/solutions/datacenter#,
https://wavecomp.ai/wave-computing-joins-industry-and-academic-leaders-to-define-next-generation-machine-learning-industry-benchmark,
https://wavecomp.ai/technology#header,
https://wavecomp.ai/careers#header,
https://wavecomp.ai/early-access#,
https://wavecomp.ai/wave-computing-to-exhibit-its-dataflow-technology-for-deep-learning-at-sc17,
https://wavecomp.ai/home#header,
https://wavecomp.ai/wave-computing-turbo-boosts-mips-with-licensable-ai-subsystems,
https://wavecomp.ai/trademarks#,
https://wavecomp.ai/trademarks#header,
https://wavecomp.ai/mips#,
https://wavecomp.ai/home#,
https://wavecomp.ai/company#/,
https://wavecomp.ai/wave-computing-adopts-low-power-mips-64-bit-multi-threaded-core,
https://wavecomp.ai/wave-computing-named-a-top-25-ai-solution-provider-for-2017,
https://wavecomp.ai/dataflow-whitepaper#,
https://wavecomp.ai/events#,
https://wavecomp.ai/wave-computing-chairman-and-founder-named-2018-global-industry-leader,
https://wavecomp.ai/wave-computing-announces-early-access-program-for-industrys-fastest-dataflow-solution,
https://wavecomp.ai/mipsopen#header,
https://wavecomp.ai/solutions/departmental#header,
https://wavecomp.ai/wave-computing-to-present-details-of-ground-breaking-sat-solver-technology-at-iccad-2017,
https://wavecomp.ai/newsroom#header,
https://wavecomp.ai/iccad17-wp#header,
https://wavecomp.ai/contact#,
https://wavecomp.ai/wave-computing-ceo-to-participate-at-the-19th-annual-pacific-crest-global-technology-leadership-forum,
https://wavecomp.ai/mipsopen#,
https://wavecomp.ai/technology#tech-resources,
https://wavecomp.ai/privacy-policy#header,
https://wavecomp.ai/newsroom#,
https://wavecomp.ai/wave-computing-creates-mips-open-advisory-board,
https://wavecomp.ai/wave-computing-cto-to-present-latest-details-of-its-dataflow-systems-at-prestigious-technical-conferences,
https://wavecomp.ai/company#,
https://wavecomp.ai/solutions/datacenter#header,
https://wavecomp.ai/dataflow-whitepaper#header,
https://wavecomp.ai/research-paper-designed-to-scale#,
https://wavecomp.ai/wave-computing-to-exhibit-its-dataflow-technology-for-deep-learning-at-nips,
https://wavecomp.ai/terms-of-use#,
https://wavecomp.ai/wave-computing-announces-strategic-collaboration-with-broadcom-for-next-generation-ai-dpu-asic,
https://wavecomp.ai/wave-computing-cto-to-present-details-of-its-dataflow-technology-at-hot-chips-symposium,
https://wavecomp.ai/iccad17-wp#,
https://wavecomp.ai/solutions/departmental#,
https://wavecomp.ai/locations#,
https://wavecomp.ai/frostandsullivan2018#,
https://wavecomp.ai/mipsopen-signup,
https://wavecomp.ai/frostandsullivan2018#header,
https://wavecomp.ai/wave-computing-extends-ai-lead-by-targeting-edge-of-cloud-through-acquisition-of-mips,
https://wavecomp.ai/mips#header,
https://wavecomp.ai/early-access#header,
https://wavecomp.ai/wave-computing-to-contribute-its-versipoint-technology-for-use-across-the-deep-learning-industry,
https://wavecomp.ai/research-paper-designed-to-scale#header,
https://wavecomp.ai/technology#,
https://wavecomp.ai/wave-computing-appoints-industry-veteran-art-swift-as-president-of-its-recently-acquired-mips-licensing-business,
https://wavecomp.ai/contact#header,
https://wavecomp.ai/wave-computings-mips-processors-power-80-of-todays-adas-enabled-automobiles,
https://wavecomp.ai/events#header,
https://wavecomp.ai/wave-computing-wins-prestigious-frost-sullivan-award,
https://wavecomp.ai/locations#header,
https://wavecomp.ai/company#header,
https://wavecomp.ai/wave-computing-launches-the-mips-open-initiative,
https://wavecomp.ai/wave-computing-expands-its-world-leading-deep-learning-team-by-opening-an-ai-center-of-excellence,
https://wavecomp.ai/privacy-policy#,
https://wavecomp.ai/careers#,
https://wavecomp.ai/wave-computing-extends-ai-lead-by-targeting-edge-of-cloud-through-acquisition-of-mips#header,
https://wavecomp.ai/wave-computing-extends-ai-lead-by-targeting-edge-of-cloud-through-acquisition-of-mips#,
https://wavecomp.ai/wave-computing-to-exhibit-its-dataflow-technology-for-deep-learning-at-sc17#,
https://wavecomp.ai/early-access/,
https://wavecomp.ai/wave-computing-named-a-top-25-ai-solution-provider-for-2017#header,
https://wavecomp.ai/wave-computing-creates-mips-open-advisory-board#header,
https://wavecomp.ai/mipsopen-signup#header,
https://wavecomp.ai/wave-computing-appoints-industry-veteran-art-swift-as-president-of-its-recently-acquired-mips-licensing-business#header,
https://wavecomp.ai/wave-computing-expands-its-world-leading-deep-learning-team-by-opening-an-ai-center-of-excellence#,
https://wavecomp.ai/wave-computing-begins-on-premise-system-testing-phase-with-early-access-customers#,
https://wavecomp.ai/wave-computing-to-present-details-of-ground-breaking-sat-solver-technology-at-iccad-2017#header,
https://wavecomp.ai/wave-computing-announces-strategic-collaboration-with-broadcom-for-next-generation-ai-dpu-asic#,
https://wavecomp.ai/mipsopen-signup#,
https://wavecomp.ai/wave-computing-to-contribute-its-versipoint-technology-for-use-across-the-deep-learning-industry#header,
https://wavecomp.ai/wave-computing-chairman-and-founder-named-2018-global-industry-leader#,
https://wavecomp.ai/wave-computing-announces-early-access-program-for-industrys-fastest-dataflow-solution#header,
https://wavecomp.ai/wave-computing-raises-86m-in-oversubscribed-series-e-round#header,
https://wavecomp.ai/wave-computing-announces-early-access-program-for-industrys-fastest-dataflow-solution#,
https://wavecomp.ai/wave-computing-adopts-low-power-mips-64-bit-multi-threaded-core#,
https://wavecomp.ai/wave-computing-named-a-top-25-ai-solution-provider-for-2017#,
https://wavecomp.ai/wave-computing-raises-86m-in-oversubscribed-series-e-round#,
https://wavecomp.ai/wave-computing-turbo-boosts-mips-with-licensable-ai-subsystems#,
https://wavecomp.ai/wave-computing-wins-prestigious-frost-sullivan-award#header,
https://wavecomp.ai/wave-computing-expands-its-world-leading-deep-learning-team-by-opening-an-ai-center-of-excellence#header,
https://wavecomp.ai/wave-computing-adopts-low-power-mips-64-bit-multi-threaded-core#header,
https://wavecomp.ai/wave-computing-cto-to-present-latest-details-of-its-dataflow-systems-at-prestigious-technical-conferences#header,
https://wavecomp.ai/wave-computing-launches-the-mips-open-initiative#,
https://wavecomp.ai/wave-computing-launches-the-mips-open-initiative#header,
https://wavecomp.ai/wave-computing-joins-industry-and-academic-leaders-to-define-next-generation-machine-learning-industry-benchmark#,
https://wavecomp.ai/wave-computing-ceo-to-participate-at-the-19th-annual-pacific-crest-global-technology-leadership-forum#,
https://wavecomp.ai/wave-computing-cto-to-present-details-of-its-dataflow-technology-at-hot-chips-symposium#,
https://wavecomp.ai/wave-computing-to-exhibit-its-dataflow-technology-for-deep-learning-at-nips#header,
https://wavecomp.ai/wave-computing-joins-industry-and-academic-leaders-to-define-next-generation-machine-learning-industry-benchmark#header,
https://wavecomp.ai/wave-computing-to-exhibit-its-dataflow-technology-for-deep-learning-at-nips#,
https://wavecomp.ai/wave-computing-cto-to-present-latest-details-of-its-dataflow-systems-at-prestigious-technical-conferences#,
https://wavecomp.ai/wave-computing-turbo-boosts-mips-with-licensable-ai-subsystems#header,
https://wavecomp.ai/wave-computing-wins-prestigious-frost-sullivan-award#,
https://wavecomp.ai/wave-computing-ceo-to-participate-at-the-19th-annual-pacific-crest-global-technology-leadership-forum#header,
https://wavecomp.ai/wave-computing-appoints-industry-veteran-art-swift-as-president-of-its-recently-acquired-mips-licensing-business#,
https://wavecomp.ai/wave-computing-chairman-and-founder-named-2018-global-industry-leader#header,
https://wavecomp.ai/wave-computing-announces-strategic-collaboration-with-broadcom-for-next-generation-ai-dpu-asic#header,
https://wavecomp.ai/wave-computing-to-present-details-of-ground-breaking-sat-solver-technology-at-iccad-2017#,
https://wavecomp.ai/wave-computing-creates-mips-open-advisory-board#,
https://wavecomp.ai/wave-computing-begins-on-premise-system-testing-phase-with-early-access-customers#header,
https://wavecomp.ai/wave-computing-to-exhibit-its-dataflow-technology-for-deep-learning-at-sc17#header,
https://wavecomp.ai/wave-computings-mips-processors-power-80-of-todays-adas-enabled-automobiles#header,
https://wavecomp.ai/wave-computing-cto-to-present-details-of-its-dataflow-technology-at-hot-chips-symposium#header,
https://wavecomp.ai/wave-computings-mips-processors-power-80-of-todays-adas-enabled-automobiles#,
https://wavecomp.ai/wave-computing-to-contribute-its-versipoint-technology-for-use-across-the-deep-learning-industry#,
https://wavecomp.ai/early-access/#header,
https://wavecomp.ai/company/,
https://wavecomp.ai/early-access/#,
https://wavecomp.ai/company/#,
https://wavecomp.ai/company/#header,
https://wavecomp.ai/company/#/,